{
    "data" : {
        "countries_and_flags" : [ 
            {
                "flag" : "https://restcountries.eu/data/afg.svg",
                "name" : "Afghanistan",
                "alpha2Code" : "AF",
                "alpha3Code" : "AFG",
                "value" : "AFG"
            }, 
            {
                "flag" : "https://restcountries.eu/data/ala.svg",
                "name" : "Åland Islands",
                "alpha2Code" : "AX",
                "alpha3Code" : "ALA",
                "value" : "ALA"
            }, 
            {
                "flag" : "https://restcountries.eu/data/alb.svg",
                "name" : "Albania",
                "alpha2Code" : "AL",
                "alpha3Code" : "ALB",
                "value" : "ALB"
            }, 
            {
                "flag" : "https://restcountries.eu/data/dza.svg",
                "name" : "Algeria",
                "alpha2Code" : "DZ",
                "alpha3Code" : "DZA",
                "value" : "DZA"
            }, 
            {
                "flag" : "https://restcountries.eu/data/asm.svg",
                "name" : "American Samoa",
                "alpha2Code" : "AS",
                "alpha3Code" : "ASM",
                "value" : "ASM"
            }, 
            {
                "flag" : "https://restcountries.eu/data/and.svg",
                "name" : "Andorra",
                "alpha2Code" : "AD",
                "alpha3Code" : "AND",
                "value" : "AND"
            }, 
            {
                "flag" : "https://restcountries.eu/data/ago.svg",
                "name" : "Angola",
                "alpha2Code" : "AO",
                "alpha3Code" : "AGO",
                "value" : "AGO"
            }, 
            {
                "flag" : "https://restcountries.eu/data/aia.svg",
                "name" : "Anguilla",
                "alpha2Code" : "AI",
                "alpha3Code" : "AIA",
                "value" : "AIA"
            }, 
            {
                "flag" : "https://restcountries.eu/data/ata.svg",
                "name" : "Antarctica",
                "alpha2Code" : "AQ",
                "alpha3Code" : "ATA",
                "value" : "ATA"
            }, 
            {
                "flag" : "https://restcountries.eu/data/atg.svg",
                "name" : "Antigua and Barbuda",
                "alpha2Code" : "AG",
                "alpha3Code" : "ATG",
                "value" : "ATG"
            }, 
            {
                "flag" : "https://restcountries.eu/data/arg.svg",
                "name" : "Argentina",
                "alpha2Code" : "AR",
                "alpha3Code" : "ARG",
                "value" : "ARG"
            }, 
            {
                "flag" : "https://restcountries.eu/data/arm.svg",
                "name" : "Armenia",
                "alpha2Code" : "AM",
                "alpha3Code" : "ARM",
                "value" : "ARM"
            }, 
            {
                "flag" : "https://restcountries.eu/data/abw.svg",
                "name" : "Aruba",
                "alpha2Code" : "AW",
                "alpha3Code" : "ABW",
                "value" : "ABW"
            }, 
            {
                "flag" : "https://restcountries.eu/data/aus.svg",
                "name" : "Australia",
                "alpha2Code" : "AU",
                "alpha3Code" : "AUS",
                "value" : "AUS"
            }, 
            {
                "flag" : "https://restcountries.eu/data/aut.svg",
                "name" : "Austria",
                "alpha2Code" : "AT",
                "alpha3Code" : "AUT",
                "value" : "AUT"
            }, 
            {
                "flag" : "https://restcountries.eu/data/aze.svg",
                "name" : "Azerbaijan",
                "alpha2Code" : "AZ",
                "alpha3Code" : "AZE",
                "value" : "AZE"
            }, 
            {
                "flag" : "https://restcountries.eu/data/bhs.svg",
                "name" : "Bahamas",
                "alpha2Code" : "BS",
                "alpha3Code" : "BHS",
                "value" : "BHS"
            }, 
            {
                "flag" : "https://restcountries.eu/data/bhr.svg",
                "name" : "Bahrain",
                "alpha2Code" : "BH",
                "alpha3Code" : "BHR",
                "value" : "BHR"
            }, 
            {
                "flag" : "https://restcountries.eu/data/bgd.svg",
                "name" : "Bangladesh",
                "alpha2Code" : "BD",
                "alpha3Code" : "BGD",
                "value" : "BGD"
            }, 
            {
                "flag" : "https://restcountries.eu/data/brb.svg",
                "name" : "Barbados",
                "alpha2Code" : "BB",
                "alpha3Code" : "BRB",
                "value" : "BRB"
            }, 
            {
                "flag" : "https://restcountries.eu/data/blr.svg",
                "name" : "Belarus",
                "alpha2Code" : "BY",
                "alpha3Code" : "BLR",
                "value" : "BLR"
            }, 
            {
                "flag" : "https://restcountries.eu/data/bel.svg",
                "name" : "Belgium",
                "alpha2Code" : "BE",
                "alpha3Code" : "BEL",
                "value" : "BEL"
            }, 
            {
                "flag" : "https://restcountries.eu/data/blz.svg",
                "name" : "Belize",
                "alpha2Code" : "BZ",
                "alpha3Code" : "BLZ",
                "value" : "BLZ"
            }, 
            {
                "flag" : "https://restcountries.eu/data/ben.svg",
                "name" : "Benin",
                "alpha2Code" : "BJ",
                "alpha3Code" : "BEN",
                "value" : "BEN"
            }, 
            {
                "flag" : "https://restcountries.eu/data/bmu.svg",
                "name" : "Bermuda",
                "alpha2Code" : "BM",
                "alpha3Code" : "BMU",
                "value" : "BMU"
            }, 
            {
                "flag" : "https://restcountries.eu/data/btn.svg",
                "name" : "Bhutan",
                "alpha2Code" : "BT",
                "alpha3Code" : "BTN",
                "value" : "BTN"
            }, 
            {
                "flag" : "https://restcountries.eu/data/bol.svg",
                "name" : "Bolivia (Plurinational State of)",
                "alpha2Code" : "BO",
                "alpha3Code" : "BOL",
                "value" : "BOL"
            }, 
            {
                "flag" : "https://restcountries.eu/data/bes.svg",
                "name" : "Bonaire, Sint Eustatius and Saba",
                "alpha2Code" : "BQ",
                "alpha3Code" : "BES",
                "value" : "BES"
            }, 
            {
                "flag" : "https://restcountries.eu/data/bih.svg",
                "name" : "Bosnia and Herzegovina",
                "alpha2Code" : "BA",
                "alpha3Code" : "BIH",
                "value" : "BIH"
            }, 
            {
                "flag" : "https://restcountries.eu/data/bwa.svg",
                "name" : "Botswana",
                "alpha2Code" : "BW",
                "alpha3Code" : "BWA",
                "value" : "BWA"
            }, 
            {
                "flag" : "https://restcountries.eu/data/bvt.svg",
                "name" : "Bouvet Island",
                "alpha2Code" : "BV",
                "alpha3Code" : "BVT",
                "value" : "BVT"
            }, 
            {
                "flag" : "https://restcountries.eu/data/bra.svg",
                "name" : "Brazil",
                "alpha2Code" : "BR",
                "alpha3Code" : "BRA",
                "value" : "BRA"
            }, 
            {
                "flag" : "https://restcountries.eu/data/iot.svg",
                "name" : "British Indian Ocean Territory",
                "alpha2Code" : "IO",
                "alpha3Code" : "IOT",
                "value" : "IOT"
            }, 
            {
                "flag" : "https://restcountries.eu/data/umi.svg",
                "name" : "United States Minor Outlying Islands",
                "alpha2Code" : "UM",
                "alpha3Code" : "UMI",
                "value" : "UMI"
            }, 
            {
                "flag" : "https://restcountries.eu/data/vgb.svg",
                "name" : "Virgin Islands (British)",
                "alpha2Code" : "VG",
                "alpha3Code" : "VGB",
                "value" : "VGB"
            }, 
            {
                "flag" : "https://restcountries.eu/data/vir.svg",
                "name" : "Virgin Islands (U.S.)",
                "alpha2Code" : "VI",
                "alpha3Code" : "VIR",
                "value" : "VIR"
            }, 
            {
                "flag" : "https://restcountries.eu/data/brn.svg",
                "name" : "Brunei Darussalam",
                "alpha2Code" : "BN",
                "alpha3Code" : "BRN",
                "value" : "BRN"
            }, 
            {
                "flag" : "https://restcountries.eu/data/bgr.svg",
                "name" : "Bulgaria",
                "alpha2Code" : "BG",
                "alpha3Code" : "BGR",
                "value" : "BGR"
            }, 
            {
                "flag" : "https://restcountries.eu/data/bfa.svg",
                "name" : "Burkina Faso",
                "alpha2Code" : "BF",
                "alpha3Code" : "BFA",
                "value" : "BFA"
            }, 
            {
                "flag" : "https://restcountries.eu/data/bdi.svg",
                "name" : "Burundi",
                "alpha2Code" : "BI",
                "alpha3Code" : "BDI",
                "value" : "BDI"
            }, 
            {
                "flag" : "https://restcountries.eu/data/khm.svg",
                "name" : "Cambodia",
                "alpha2Code" : "KH",
                "alpha3Code" : "KHM",
                "value" : "KHM"
            }, 
            {
                "flag" : "https://restcountries.eu/data/cmr.svg",
                "name" : "Cameroon",
                "alpha2Code" : "CM",
                "alpha3Code" : "CMR",
                "value" : "CMR"
            }, 
            {
                "flag" : "https://restcountries.eu/data/can.svg",
                "name" : "Canada",
                "alpha2Code" : "CA",
                "alpha3Code" : "CAN",
                "value" : "CAN"
            }, 
            {
                "flag" : "https://restcountries.eu/data/cpv.svg",
                "name" : "Cabo Verde",
                "alpha2Code" : "CV",
                "alpha3Code" : "CPV",
                "value" : "CPV"
            }, 
            {
                "flag" : "https://restcountries.eu/data/cym.svg",
                "name" : "Cayman Islands",
                "alpha2Code" : "KY",
                "alpha3Code" : "CYM",
                "value" : "CYM"
            }, 
            {
                "flag" : "https://restcountries.eu/data/caf.svg",
                "name" : "Central African Republic",
                "alpha2Code" : "CF",
                "alpha3Code" : "CAF",
                "value" : "CAF"
            }, 
            {
                "flag" : "https://restcountries.eu/data/tcd.svg",
                "name" : "Chad",
                "alpha2Code" : "TD",
                "alpha3Code" : "TCD",
                "value" : "TCD"
            }, 
            {
                "flag" : "https://restcountries.eu/data/chl.svg",
                "name" : "Chile",
                "alpha2Code" : "CL",
                "alpha3Code" : "CHL",
                "value" : "CHL"
            }, 
            {
                "flag" : "https://restcountries.eu/data/chn.svg",
                "name" : "China",
                "alpha2Code" : "CN",
                "alpha3Code" : "CHN",
                "value" : "CHN"
            }, 
            {
                "flag" : "https://restcountries.eu/data/cxr.svg",
                "name" : "Christmas Island",
                "alpha2Code" : "CX",
                "alpha3Code" : "CXR",
                "value" : "CXR"
            }, 
            {
                "flag" : "https://restcountries.eu/data/cck.svg",
                "name" : "Cocos (Keeling) Islands",
                "alpha2Code" : "CC",
                "alpha3Code" : "CCK",
                "value" : "CCK"
            }, 
            {
                "flag" : "https://restcountries.eu/data/col.svg",
                "name" : "Colombia",
                "alpha2Code" : "CO",
                "alpha3Code" : "COL",
                "value" : "COL"
            }, 
            {
                "flag" : "https://restcountries.eu/data/com.svg",
                "name" : "Comoros",
                "alpha2Code" : "KM",
                "alpha3Code" : "COM",
                "value" : "COM"
            }, 
            {
                "flag" : "https://restcountries.eu/data/cog.svg",
                "name" : "Congo",
                "alpha2Code" : "CG",
                "alpha3Code" : "COG",
                "value" : "COG"
            }, 
            {
                "flag" : "https://restcountries.eu/data/cod.svg",
                "name" : "Congo (Democratic Republic of the)",
                "alpha2Code" : "CD",
                "alpha3Code" : "COD",
                "value" : "COD"
            }, 
            {
                "flag" : "https://restcountries.eu/data/cok.svg",
                "name" : "Cook Islands",
                "alpha2Code" : "CK",
                "alpha3Code" : "COK",
                "value" : "COK"
            }, 
            {
                "flag" : "https://restcountries.eu/data/cri.svg",
                "name" : "Costa Rica",
                "alpha2Code" : "CR",
                "alpha3Code" : "CRI",
                "value" : "CRI"
            }, 
            {
                "flag" : "https://restcountries.eu/data/hrv.svg",
                "name" : "Croatia",
                "alpha2Code" : "HR",
                "alpha3Code" : "HRV",
                "value" : "HRV"
            }, 
            {
                "flag" : "https://restcountries.eu/data/cub.svg",
                "name" : "Cuba",
                "alpha2Code" : "CU",
                "alpha3Code" : "CUB",
                "value" : "CUB"
            }, 
            {
                "flag" : "https://restcountries.eu/data/cuw.svg",
                "name" : "Curaçao",
                "alpha2Code" : "CW",
                "alpha3Code" : "CUW",
                "value" : "CUW"
            }, 
            {
                "flag" : "https://restcountries.eu/data/cyp.svg",
                "name" : "Cyprus",
                "alpha2Code" : "CY",
                "alpha3Code" : "CYP",
                "value" : "CYP"
            }, 
            {
                "flag" : "https://restcountries.eu/data/cze.svg",
                "name" : "Czech Republic",
                "alpha2Code" : "CZ",
                "alpha3Code" : "CZE",
                "value" : "CZE"
            }, 
            {
                "flag" : "https://restcountries.eu/data/dnk.svg",
                "name" : "Denmark",
                "alpha2Code" : "DK",
                "alpha3Code" : "DNK",
                "value" : "DNK"
            }, 
            {
                "flag" : "https://restcountries.eu/data/dji.svg",
                "name" : "Djibouti",
                "alpha2Code" : "DJ",
                "alpha3Code" : "DJI",
                "value" : "DJI"
            }, 
            {
                "flag" : "https://restcountries.eu/data/dma.svg",
                "name" : "Dominica",
                "alpha2Code" : "DM",
                "alpha3Code" : "DMA",
                "value" : "DMA"
            }, 
            {
                "flag" : "https://restcountries.eu/data/dom.svg",
                "name" : "Dominican Republic",
                "alpha2Code" : "DO",
                "alpha3Code" : "DOM",
                "value" : "DOM"
            }, 
            {
                "flag" : "https://restcountries.eu/data/ecu.svg",
                "name" : "Ecuador",
                "alpha2Code" : "EC",
                "alpha3Code" : "ECU",
                "value" : "ECU"
            }, 
            {
                "flag" : "https://restcountries.eu/data/egy.svg",
                "name" : "Egypt",
                "alpha2Code" : "EG",
                "alpha3Code" : "EGY",
                "value" : "EGY"
            }, 
            {
                "flag" : "https://restcountries.eu/data/slv.svg",
                "name" : "El Salvador",
                "alpha2Code" : "SV",
                "alpha3Code" : "SLV",
                "value" : "SLV"
            }, 
            {
                "flag" : "https://restcountries.eu/data/gnq.svg",
                "name" : "Equatorial Guinea",
                "alpha2Code" : "GQ",
                "alpha3Code" : "GNQ",
                "value" : "GNQ"
            }, 
            {
                "flag" : "https://restcountries.eu/data/eri.svg",
                "name" : "Eritrea",
                "alpha2Code" : "ER",
                "alpha3Code" : "ERI",
                "value" : "ERI"
            }, 
            {
                "flag" : "https://restcountries.eu/data/est.svg",
                "name" : "Estonia",
                "alpha2Code" : "EE",
                "alpha3Code" : "EST",
                "value" : "EST"
            }, 
            {
                "flag" : "https://restcountries.eu/data/eth.svg",
                "name" : "Ethiopia",
                "alpha2Code" : "ET",
                "alpha3Code" : "ETH",
                "value" : "ETH"
            }, 
            {
                "flag" : "https://restcountries.eu/data/flk.svg",
                "name" : "Falkland Islands (Malvinas)",
                "alpha2Code" : "FK",
                "alpha3Code" : "FLK",
                "value" : "FLK"
            }, 
            {
                "flag" : "https://restcountries.eu/data/fro.svg",
                "name" : "Faroe Islands",
                "alpha2Code" : "FO",
                "alpha3Code" : "FRO",
                "value" : "FRO"
            }, 
            {
                "flag" : "https://restcountries.eu/data/fji.svg",
                "name" : "Fiji",
                "alpha2Code" : "FJ",
                "alpha3Code" : "FJI",
                "value" : "FJI"
            }, 
            {
                "flag" : "https://restcountries.eu/data/fin.svg",
                "name" : "Finland",
                "alpha2Code" : "FI",
                "alpha3Code" : "FIN",
                "value" : "FIN"
            }, 
            {
                "flag" : "https://restcountries.eu/data/fra.svg",
                "name" : "France",
                "alpha2Code" : "FR",
                "alpha3Code" : "FRA",
                "value" : "FRA"
            }, 
            {
                "flag" : "https://restcountries.eu/data/guf.svg",
                "name" : "French Guiana",
                "alpha2Code" : "GF",
                "alpha3Code" : "GUF",
                "value" : "GUF"
            }, 
            {
                "flag" : "https://restcountries.eu/data/pyf.svg",
                "name" : "French Polynesia",
                "alpha2Code" : "PF",
                "alpha3Code" : "PYF",
                "value" : "PYF"
            }, 
            {
                "flag" : "https://restcountries.eu/data/atf.svg",
                "name" : "French Southern Territories",
                "alpha2Code" : "TF",
                "alpha3Code" : "ATF",
                "value" : "ATF"
            }, 
            {
                "flag" : "https://restcountries.eu/data/gab.svg",
                "name" : "Gabon",
                "alpha2Code" : "GA",
                "alpha3Code" : "GAB",
                "value" : "GAB"
            }, 
            {
                "flag" : "https://restcountries.eu/data/gmb.svg",
                "name" : "Gambia",
                "alpha2Code" : "GM",
                "alpha3Code" : "GMB",
                "value" : "GMB"
            }, 
            {
                "flag" : "https://restcountries.eu/data/geo.svg",
                "name" : "Georgia",
                "alpha2Code" : "GE",
                "alpha3Code" : "GEO",
                "value" : "GEO"
            }, 
            {
                "flag" : "https://restcountries.eu/data/deu.svg",
                "name" : "Germany",
                "alpha2Code" : "DE",
                "alpha3Code" : "DEU",
                "value" : "DEU"
            }, 
            {
                "flag" : "https://restcountries.eu/data/gha.svg",
                "name" : "Ghana",
                "alpha2Code" : "GH",
                "alpha3Code" : "GHA",
                "value" : "GHA"
            }, 
            {
                "flag" : "https://restcountries.eu/data/gib.svg",
                "name" : "Gibraltar",
                "alpha2Code" : "GI",
                "alpha3Code" : "GIB",
                "value" : "GIB"
            }, 
            {
                "flag" : "https://restcountries.eu/data/grc.svg",
                "name" : "Greece",
                "alpha2Code" : "GR",
                "alpha3Code" : "GRC",
                "value" : "GRC"
            }, 
            {
                "flag" : "https://restcountries.eu/data/grl.svg",
                "name" : "Greenland",
                "alpha2Code" : "GL",
                "alpha3Code" : "GRL",
                "value" : "GRL"
            }, 
            {
                "flag" : "https://restcountries.eu/data/grd.svg",
                "name" : "Grenada",
                "alpha2Code" : "GD",
                "alpha3Code" : "GRD",
                "value" : "GRD"
            }, 
            {
                "flag" : "https://restcountries.eu/data/glp.svg",
                "name" : "Guadeloupe",
                "alpha2Code" : "GP",
                "alpha3Code" : "GLP",
                "value" : "GLP"
            }, 
            {
                "flag" : "https://restcountries.eu/data/gum.svg",
                "name" : "Guam",
                "alpha2Code" : "GU",
                "alpha3Code" : "GUM",
                "value" : "GUM"
            }, 
            {
                "flag" : "https://restcountries.eu/data/gtm.svg",
                "name" : "Guatemala",
                "alpha2Code" : "GT",
                "alpha3Code" : "GTM",
                "value" : "GTM"
            }, 
            {
                "flag" : "https://restcountries.eu/data/ggy.svg",
                "name" : "Guernsey",
                "alpha2Code" : "GG",
                "alpha3Code" : "GGY",
                "value" : "GGY"
            }, 
            {
                "flag" : "https://restcountries.eu/data/gin.svg",
                "name" : "Guinea",
                "alpha2Code" : "GN",
                "alpha3Code" : "GIN",
                "value" : "GIN"
            }, 
            {
                "flag" : "https://restcountries.eu/data/gnb.svg",
                "name" : "Guinea-Bissau",
                "alpha2Code" : "GW",
                "alpha3Code" : "GNB",
                "value" : "GNB"
            }, 
            {
                "flag" : "https://restcountries.eu/data/guy.svg",
                "name" : "Guyana",
                "alpha2Code" : "GY",
                "alpha3Code" : "GUY",
                "value" : "GUY"
            }, 
            {
                "flag" : "https://restcountries.eu/data/hti.svg",
                "name" : "Haiti",
                "alpha2Code" : "HT",
                "alpha3Code" : "HTI",
                "value" : "HTI"
            }, 
            {
                "flag" : "https://restcountries.eu/data/hmd.svg",
                "name" : "Heard Island and McDonald Islands",
                "alpha2Code" : "HM",
                "alpha3Code" : "HMD",
                "value" : "HMD"
            }, 
            {
                "flag" : "https://restcountries.eu/data/vat.svg",
                "name" : "Holy See",
                "alpha2Code" : "VA",
                "alpha3Code" : "VAT",
                "value" : "VAT"
            }, 
            {
                "flag" : "https://restcountries.eu/data/hnd.svg",
                "name" : "Honduras",
                "alpha2Code" : "HN",
                "alpha3Code" : "HND",
                "value" : "HND"
            }, 
            {
                "flag" : "https://restcountries.eu/data/hkg.svg",
                "name" : "Hong Kong",
                "alpha2Code" : "HK",
                "alpha3Code" : "HKG",
                "value" : "HKG"
            }, 
            {
                "flag" : "https://restcountries.eu/data/hun.svg",
                "name" : "Hungary",
                "alpha2Code" : "HU",
                "alpha3Code" : "HUN",
                "value" : "HUN"
            }, 
            {
                "flag" : "https://restcountries.eu/data/isl.svg",
                "name" : "Iceland",
                "alpha2Code" : "IS",
                "alpha3Code" : "ISL",
                "value" : "ISL"
            }, 
            {
                "flag" : "https://restcountries.eu/data/ind.svg",
                "name" : "India",
                "alpha2Code" : "IN",
                "alpha3Code" : "IND",
                "value" : "IND"
            }, 
            {
                "flag" : "https://restcountries.eu/data/idn.svg",
                "name" : "Indonesia",
                "alpha2Code" : "ID",
                "alpha3Code" : "IDN",
                "value" : "IDN"
            }, 
            {
                "flag" : "https://restcountries.eu/data/civ.svg",
                "name" : "Côte d'Ivoire",
                "alpha2Code" : "CI",
                "alpha3Code" : "CIV",
                "value" : "CIV"
            }, 
            {
                "flag" : "https://restcountries.eu/data/irn.svg",
                "name" : "Iran (Islamic Republic of)",
                "alpha2Code" : "IR",
                "alpha3Code" : "IRN",
                "value" : "IRN"
            }, 
            {
                "flag" : "https://restcountries.eu/data/irq.svg",
                "name" : "Iraq",
                "alpha2Code" : "IQ",
                "alpha3Code" : "IRQ",
                "value" : "IRQ"
            }, 
            {
                "flag" : "https://restcountries.eu/data/irl.svg",
                "name" : "Ireland",
                "alpha2Code" : "IE",
                "alpha3Code" : "IRL",
                "value" : "IRL"
            }, 
            {
                "flag" : "https://restcountries.eu/data/imn.svg",
                "name" : "Isle of Man",
                "alpha2Code" : "IM",
                "alpha3Code" : "IMN",
                "value" : "IMN"
            }, 
            {
                "flag" : "https://restcountries.eu/data/isr.svg",
                "name" : "Israel",
                "alpha2Code" : "IL",
                "alpha3Code" : "ISR",
                "value" : "ISR"
            }, 
            {
                "flag" : "https://restcountries.eu/data/ita.svg",
                "name" : "Italy",
                "alpha2Code" : "IT",
                "alpha3Code" : "ITA",
                "value" : "ITA"
            }, 
            {
                "flag" : "https://restcountries.eu/data/jam.svg",
                "name" : "Jamaica",
                "alpha2Code" : "JM",
                "alpha3Code" : "JAM",
                "value" : "JAM"
            }, 
            {
                "flag" : "https://restcountries.eu/data/jpn.svg",
                "name" : "Japan",
                "alpha2Code" : "JP",
                "alpha3Code" : "JPN",
                "value" : "JPN"
            }, 
            {
                "flag" : "https://restcountries.eu/data/jey.svg",
                "name" : "Jersey",
                "alpha2Code" : "JE",
                "alpha3Code" : "JEY",
                "value" : "JEY"
            }, 
            {
                "flag" : "https://restcountries.eu/data/jor.svg",
                "name" : "Jordan",
                "alpha2Code" : "JO",
                "alpha3Code" : "JOR",
                "value" : "JOR"
            }, 
            {
                "flag" : "https://restcountries.eu/data/kaz.svg",
                "name" : "Kazakhstan",
                "alpha2Code" : "KZ",
                "alpha3Code" : "KAZ",
                "value" : "KAZ"
            }, 
            {
                "flag" : "https://restcountries.eu/data/ken.svg",
                "name" : "Kenya",
                "alpha2Code" : "KE",
                "alpha3Code" : "KEN",
                "value" : "KEN"
            }, 
            {
                "flag" : "https://restcountries.eu/data/kir.svg",
                "name" : "Kiribati",
                "alpha2Code" : "KI",
                "alpha3Code" : "KIR",
                "value" : "KIR"
            }, 
            {
                "flag" : "https://restcountries.eu/data/kwt.svg",
                "name" : "Kuwait",
                "alpha2Code" : "KW",
                "alpha3Code" : "KWT",
                "value" : "KWT"
            }, 
            {
                "flag" : "https://restcountries.eu/data/kgz.svg",
                "name" : "Kyrgyzstan",
                "alpha2Code" : "KG",
                "alpha3Code" : "KGZ",
                "value" : "KGZ"
            }, 
            {
                "flag" : "https://restcountries.eu/data/lao.svg",
                "name" : "Lao People's Democratic Republic",
                "alpha2Code" : "LA",
                "alpha3Code" : "LAO",
                "value" : "LAO"
            }, 
            {
                "flag" : "https://restcountries.eu/data/lva.svg",
                "name" : "Latvia",
                "alpha2Code" : "LV",
                "alpha3Code" : "LVA",
                "value" : "LVA"
            }, 
            {
                "flag" : "https://restcountries.eu/data/lbn.svg",
                "name" : "Lebanon",
                "alpha2Code" : "LB",
                "alpha3Code" : "LBN",
                "value" : "LBN"
            }, 
            {
                "flag" : "https://restcountries.eu/data/lso.svg",
                "name" : "Lesotho",
                "alpha2Code" : "LS",
                "alpha3Code" : "LSO",
                "value" : "LSO"
            }, 
            {
                "flag" : "https://restcountries.eu/data/lbr.svg",
                "name" : "Liberia",
                "alpha2Code" : "LR",
                "alpha3Code" : "LBR",
                "value" : "LBR"
            }, 
            {
                "flag" : "https://restcountries.eu/data/lby.svg",
                "name" : "Libya",
                "alpha2Code" : "LY",
                "alpha3Code" : "LBY",
                "value" : "LBY"
            }, 
            {
                "flag" : "https://restcountries.eu/data/lie.svg",
                "name" : "Liechtenstein",
                "alpha2Code" : "LI",
                "alpha3Code" : "LIE",
                "value" : "LIE"
            }, 
            {
                "flag" : "https://restcountries.eu/data/ltu.svg",
                "name" : "Lithuania",
                "alpha2Code" : "LT",
                "alpha3Code" : "LTU",
                "value" : "LTU"
            }, 
            {
                "flag" : "https://restcountries.eu/data/lux.svg",
                "name" : "Luxembourg",
                "alpha2Code" : "LU",
                "alpha3Code" : "LUX",
                "value" : "LUX"
            }, 
            {
                "flag" : "https://restcountries.eu/data/mac.svg",
                "name" : "Macao",
                "alpha2Code" : "MO",
                "alpha3Code" : "MAC",
                "value" : "MAC"
            }, 
            {
                "flag" : "https://restcountries.eu/data/mkd.svg",
                "name" : "Macedonia (the former Yugoslav Republic of)",
                "alpha2Code" : "MK",
                "alpha3Code" : "MKD",
                "value" : "MKD"
            }, 
            {
                "flag" : "https://restcountries.eu/data/mdg.svg",
                "name" : "Madagascar",
                "alpha2Code" : "MG",
                "alpha3Code" : "MDG",
                "value" : "MDG"
            }, 
            {
                "flag" : "https://restcountries.eu/data/mwi.svg",
                "name" : "Malawi",
                "alpha2Code" : "MW",
                "alpha3Code" : "MWI",
                "value" : "MWI"
            }, 
            {
                "flag" : "https://restcountries.eu/data/mys.svg",
                "name" : "Malaysia",
                "alpha2Code" : "MY",
                "alpha3Code" : "MYS",
                "value" : "MYS"
            }, 
            {
                "flag" : "https://restcountries.eu/data/mdv.svg",
                "name" : "Maldives",
                "alpha2Code" : "MV",
                "alpha3Code" : "MDV",
                "value" : "MDV"
            }, 
            {
                "flag" : "https://restcountries.eu/data/mli.svg",
                "name" : "Mali",
                "alpha2Code" : "ML",
                "alpha3Code" : "MLI",
                "value" : "MLI"
            }, 
            {
                "flag" : "https://restcountries.eu/data/mlt.svg",
                "name" : "Malta",
                "alpha2Code" : "MT",
                "alpha3Code" : "MLT",
                "value" : "MLT"
            }, 
            {
                "flag" : "https://restcountries.eu/data/mhl.svg",
                "name" : "Marshall Islands",
                "alpha2Code" : "MH",
                "alpha3Code" : "MHL",
                "value" : "MHL"
            }, 
            {
                "flag" : "https://restcountries.eu/data/mtq.svg",
                "name" : "Martinique",
                "alpha2Code" : "MQ",
                "alpha3Code" : "MTQ",
                "value" : "MTQ"
            }, 
            {
                "flag" : "https://restcountries.eu/data/mrt.svg",
                "name" : "Mauritania",
                "alpha2Code" : "MR",
                "alpha3Code" : "MRT",
                "value" : "MRT"
            }, 
            {
                "flag" : "https://restcountries.eu/data/mus.svg",
                "name" : "Mauritius",
                "alpha2Code" : "MU",
                "alpha3Code" : "MUS",
                "value" : "MUS"
            }, 
            {
                "flag" : "https://restcountries.eu/data/myt.svg",
                "name" : "Mayotte",
                "alpha2Code" : "YT",
                "alpha3Code" : "MYT",
                "value" : "MYT"
            }, 
            {
                "flag" : "https://restcountries.eu/data/mex.svg",
                "name" : "Mexico",
                "alpha2Code" : "MX",
                "alpha3Code" : "MEX",
                "value" : "MEX"
            }, 
            {
                "flag" : "https://restcountries.eu/data/fsm.svg",
                "name" : "Micronesia (Federated States of)",
                "alpha2Code" : "FM",
                "alpha3Code" : "FSM",
                "value" : "FSM"
            }, 
            {
                "flag" : "https://restcountries.eu/data/mda.svg",
                "name" : "Moldova (Republic of)",
                "alpha2Code" : "MD",
                "alpha3Code" : "MDA",
                "value" : "MDA"
            }, 
            {
                "flag" : "https://restcountries.eu/data/mco.svg",
                "name" : "Monaco",
                "alpha2Code" : "MC",
                "alpha3Code" : "MCO",
                "value" : "MCO"
            }, 
            {
                "flag" : "https://restcountries.eu/data/mng.svg",
                "name" : "Mongolia",
                "alpha2Code" : "MN",
                "alpha3Code" : "MNG",
                "value" : "MNG"
            }, 
            {
                "flag" : "https://restcountries.eu/data/mne.svg",
                "name" : "Montenegro",
                "alpha2Code" : "ME",
                "alpha3Code" : "MNE",
                "value" : "MNE"
            }, 
            {
                "flag" : "https://restcountries.eu/data/msr.svg",
                "name" : "Montserrat",
                "alpha2Code" : "MS",
                "alpha3Code" : "MSR",
                "value" : "MSR"
            }, 
            {
                "flag" : "https://restcountries.eu/data/mar.svg",
                "name" : "Morocco",
                "alpha2Code" : "MA",
                "alpha3Code" : "MAR",
                "value" : "MAR"
            }, 
            {
                "flag" : "https://restcountries.eu/data/moz.svg",
                "name" : "Mozambique",
                "alpha2Code" : "MZ",
                "alpha3Code" : "MOZ",
                "value" : "MOZ"
            }, 
            {
                "flag" : "https://restcountries.eu/data/mmr.svg",
                "name" : "Myanmar",
                "alpha2Code" : "MM",
                "alpha3Code" : "MMR",
                "value" : "MMR"
            }, 
            {
                "flag" : "https://restcountries.eu/data/nam.svg",
                "name" : "Namibia",
                "alpha2Code" : "NA",
                "alpha3Code" : "NAM",
                "value" : "NAM"
            }, 
            {
                "flag" : "https://restcountries.eu/data/nru.svg",
                "name" : "Nauru",
                "alpha2Code" : "NR",
                "alpha3Code" : "NRU",
                "value" : "NRU"
            }, 
            {
                "flag" : "https://restcountries.eu/data/npl.svg",
                "name" : "Nepal",
                "alpha2Code" : "NP",
                "alpha3Code" : "NPL",
                "value" : "NPL"
            }, 
            {
                "flag" : "https://restcountries.eu/data/nld.svg",
                "name" : "Netherlands",
                "alpha2Code" : "NL",
                "alpha3Code" : "NLD",
                "value" : "NLD"
            }, 
            {
                "flag" : "https://restcountries.eu/data/ncl.svg",
                "name" : "New Caledonia",
                "alpha2Code" : "NC",
                "alpha3Code" : "NCL",
                "value" : "NCL"
            }, 
            {
                "flag" : "https://restcountries.eu/data/nzl.svg",
                "name" : "New Zealand",
                "alpha2Code" : "NZ",
                "alpha3Code" : "NZL",
                "value" : "NZL"
            }, 
            {
                "flag" : "https://restcountries.eu/data/nic.svg",
                "name" : "Nicaragua",
                "alpha2Code" : "NI",
                "alpha3Code" : "NIC",
                "value" : "NIC"
            }, 
            {
                "flag" : "https://restcountries.eu/data/ner.svg",
                "name" : "Niger",
                "alpha2Code" : "NE",
                "alpha3Code" : "NER",
                "value" : "NER"
            }, 
            {
                "flag" : "https://restcountries.eu/data/nga.svg",
                "name" : "Nigeria",
                "alpha2Code" : "NG",
                "alpha3Code" : "NGA",
                "value" : "NGA"
            }, 
            {
                "flag" : "https://restcountries.eu/data/niu.svg",
                "name" : "Niue",
                "alpha2Code" : "NU",
                "alpha3Code" : "NIU",
                "value" : "NIU"
            }, 
            {
                "flag" : "https://restcountries.eu/data/nfk.svg",
                "name" : "Norfolk Island",
                "alpha2Code" : "NF",
                "alpha3Code" : "NFK",
                "value" : "NFK"
            }, 
            {
                "flag" : "https://restcountries.eu/data/prk.svg",
                "name" : "Korea (Democratic People's Republic of)",
                "alpha2Code" : "KP",
                "alpha3Code" : "PRK",
                "value" : "PRK"
            }, 
            {
                "flag" : "https://restcountries.eu/data/mnp.svg",
                "name" : "Northern Mariana Islands",
                "alpha2Code" : "MP",
                "alpha3Code" : "MNP",
                "value" : "MNP"
            }, 
            {
                "flag" : "https://restcountries.eu/data/nor.svg",
                "name" : "Norway",
                "alpha2Code" : "NO",
                "alpha3Code" : "NOR",
                "value" : "NOR"
            }, 
            {
                "flag" : "https://restcountries.eu/data/omn.svg",
                "name" : "Oman",
                "alpha2Code" : "OM",
                "alpha3Code" : "OMN",
                "value" : "OMN"
            }, 
            {
                "flag" : "https://restcountries.eu/data/pak.svg",
                "name" : "Pakistan",
                "alpha2Code" : "PK",
                "alpha3Code" : "PAK",
                "value" : "PAK"
            }, 
            {
                "flag" : "https://restcountries.eu/data/plw.svg",
                "name" : "Palau",
                "alpha2Code" : "PW",
                "alpha3Code" : "PLW",
                "value" : "PLW"
            }, 
            {
                "flag" : "https://restcountries.eu/data/pse.svg",
                "name" : "Palestine, State of",
                "alpha2Code" : "PS",
                "alpha3Code" : "PSE",
                "value" : "PSE"
            }, 
            {
                "flag" : "https://restcountries.eu/data/pan.svg",
                "name" : "Panama",
                "alpha2Code" : "PA",
                "alpha3Code" : "PAN",
                "value" : "PAN"
            }, 
            {
                "flag" : "https://restcountries.eu/data/png.svg",
                "name" : "Papua New Guinea",
                "alpha2Code" : "PG",
                "alpha3Code" : "PNG",
                "value" : "PNG"
            }, 
            {
                "flag" : "https://restcountries.eu/data/pry.svg",
                "name" : "Paraguay",
                "alpha2Code" : "PY",
                "alpha3Code" : "PRY",
                "value" : "PRY"
            }, 
            {
                "flag" : "https://restcountries.eu/data/per.svg",
                "name" : "Peru",
                "alpha2Code" : "PE",
                "alpha3Code" : "PER",
                "value" : "PER"
            }, 
            {
                "flag" : "https://restcountries.eu/data/phl.svg",
                "name" : "Philippines",
                "alpha2Code" : "PH",
                "alpha3Code" : "PHL",
                "value" : "PHL"
            }, 
            {
                "flag" : "https://restcountries.eu/data/pcn.svg",
                "name" : "Pitcairn",
                "alpha2Code" : "PN",
                "alpha3Code" : "PCN",
                "value" : "PCN"
            }, 
            {
                "flag" : "https://restcountries.eu/data/pol.svg",
                "name" : "Poland",
                "alpha2Code" : "PL",
                "alpha3Code" : "POL",
                "value" : "POL"
            }, 
            {
                "flag" : "https://restcountries.eu/data/prt.svg",
                "name" : "Portugal",
                "alpha2Code" : "PT",
                "alpha3Code" : "PRT",
                "value" : "PRT"
            }, 
            {
                "flag" : "https://restcountries.eu/data/pri.svg",
                "name" : "Puerto Rico",
                "alpha2Code" : "PR",
                "alpha3Code" : "PRI",
                "value" : "PRI"
            }, 
            {
                "flag" : "https://restcountries.eu/data/qat.svg",
                "name" : "Qatar",
                "alpha2Code" : "QA",
                "alpha3Code" : "QAT",
                "value" : "QAT"
            }, 
            {
                "flag" : "https://restcountries.eu/data/kos.svg",
                "name" : "Republic of Kosovo",
                "alpha2Code" : "XK",
                "alpha3Code" : "KOS",
                "value" : "KOS"
            }, 
            {
                "flag" : "https://restcountries.eu/data/reu.svg",
                "name" : "Réunion",
                "alpha2Code" : "RE",
                "alpha3Code" : "REU",
                "value" : "REU"
            }, 
            {
                "flag" : "https://restcountries.eu/data/rou.svg",
                "name" : "Romania",
                "alpha2Code" : "RO",
                "alpha3Code" : "ROU",
                "value" : "ROU"
            }, 
            {
                "flag" : "https://restcountries.eu/data/rus.svg",
                "name" : "Russian Federation",
                "alpha2Code" : "RU",
                "alpha3Code" : "RUS",
                "value" : "RUS"
            }, 
            {
                "flag" : "https://restcountries.eu/data/rwa.svg",
                "name" : "Rwanda",
                "alpha2Code" : "RW",
                "alpha3Code" : "RWA",
                "value" : "RWA"
            }, 
            {
                "flag" : "https://restcountries.eu/data/blm.svg",
                "name" : "Saint Barthélemy",
                "alpha2Code" : "BL",
                "alpha3Code" : "BLM",
                "value" : "BLM"
            }, 
            {
                "flag" : "https://restcountries.eu/data/shn.svg",
                "name" : "Saint Helena, Ascension and Tristan da Cunha",
                "alpha2Code" : "SH",
                "alpha3Code" : "SHN",
                "value" : "SHN"
            }, 
            {
                "flag" : "https://restcountries.eu/data/kna.svg",
                "name" : "Saint Kitts and Nevis",
                "alpha2Code" : "KN",
                "alpha3Code" : "KNA",
                "value" : "KNA"
            }, 
            {
                "flag" : "https://restcountries.eu/data/lca.svg",
                "name" : "Saint Lucia",
                "alpha2Code" : "LC",
                "alpha3Code" : "LCA",
                "value" : "LCA"
            }, 
            {
                "flag" : "https://restcountries.eu/data/maf.svg",
                "name" : "Saint Martin (French part)",
                "alpha2Code" : "MF",
                "alpha3Code" : "MAF",
                "value" : "MAF"
            }, 
            {
                "flag" : "https://restcountries.eu/data/spm.svg",
                "name" : "Saint Pierre and Miquelon",
                "alpha2Code" : "PM",
                "alpha3Code" : "SPM",
                "value" : "SPM"
            }, 
            {
                "flag" : "https://restcountries.eu/data/vct.svg",
                "name" : "Saint Vincent and the Grenadines",
                "alpha2Code" : "VC",
                "alpha3Code" : "VCT",
                "value" : "VCT"
            }, 
            {
                "flag" : "https://restcountries.eu/data/wsm.svg",
                "name" : "Samoa",
                "alpha2Code" : "WS",
                "alpha3Code" : "WSM",
                "value" : "WSM"
            }, 
            {
                "flag" : "https://restcountries.eu/data/smr.svg",
                "name" : "San Marino",
                "alpha2Code" : "SM",
                "alpha3Code" : "SMR",
                "value" : "SMR"
            }, 
            {
                "flag" : "https://restcountries.eu/data/stp.svg",
                "name" : "Sao Tome and Principe",
                "alpha2Code" : "ST",
                "alpha3Code" : "STP",
                "value" : "STP"
            }, 
            {
                "flag" : "https://restcountries.eu/data/sau.svg",
                "name" : "Saudi Arabia",
                "alpha2Code" : "SA",
                "alpha3Code" : "SAU",
                "value" : "SAU"
            }, 
            {
                "flag" : "https://restcountries.eu/data/sen.svg",
                "name" : "Senegal",
                "alpha2Code" : "SN",
                "alpha3Code" : "SEN",
                "value" : "SEN"
            }, 
            {
                "flag" : "https://restcountries.eu/data/srb.svg",
                "name" : "Serbia",
                "alpha2Code" : "RS",
                "alpha3Code" : "SRB",
                "value" : "SRB"
            }, 
            {
                "flag" : "https://restcountries.eu/data/syc.svg",
                "name" : "Seychelles",
                "alpha2Code" : "SC",
                "alpha3Code" : "SYC",
                "value" : "SYC"
            }, 
            {
                "flag" : "https://restcountries.eu/data/sle.svg",
                "name" : "Sierra Leone",
                "alpha2Code" : "SL",
                "alpha3Code" : "SLE",
                "value" : "SLE"
            }, 
            {
                "flag" : "https://restcountries.eu/data/sgp.svg",
                "name" : "Singapore",
                "alpha2Code" : "SG",
                "alpha3Code" : "SGP",
                "value" : "SGP"
            }, 
            {
                "flag" : "https://restcountries.eu/data/sxm.svg",
                "name" : "Sint Maarten (Dutch part)",
                "alpha2Code" : "SX",
                "alpha3Code" : "SXM",
                "value" : "SXM"
            }, 
            {
                "flag" : "https://restcountries.eu/data/svk.svg",
                "name" : "Slovakia",
                "alpha2Code" : "SK",
                "alpha3Code" : "SVK",
                "value" : "SVK"
            }, 
            {
                "flag" : "https://restcountries.eu/data/svn.svg",
                "name" : "Slovenia",
                "alpha2Code" : "SI",
                "alpha3Code" : "SVN",
                "value" : "SVN"
            }, 
            {
                "flag" : "https://restcountries.eu/data/slb.svg",
                "name" : "Solomon Islands",
                "alpha2Code" : "SB",
                "alpha3Code" : "SLB",
                "value" : "SLB"
            }, 
            {
                "flag" : "https://restcountries.eu/data/som.svg",
                "name" : "Somalia",
                "alpha2Code" : "SO",
                "alpha3Code" : "SOM",
                "value" : "SOM"
            }, 
            {
                "flag" : "https://restcountries.eu/data/zaf.svg",
                "name" : "South Africa",
                "alpha2Code" : "ZA",
                "alpha3Code" : "ZAF",
                "value" : "ZAF"
            }, 
            {
                "flag" : "https://restcountries.eu/data/sgs.svg",
                "name" : "South Georgia and the South Sandwich Islands",
                "alpha2Code" : "GS",
                "alpha3Code" : "SGS",
                "value" : "SGS"
            }, 
            {
                "flag" : "https://restcountries.eu/data/kor.svg",
                "name" : "Korea (Republic of)",
                "alpha2Code" : "KR",
                "alpha3Code" : "KOR",
                "value" : "KOR"
            }, 
            {
                "flag" : "https://restcountries.eu/data/ssd.svg",
                "name" : "South Sudan",
                "alpha2Code" : "SS",
                "alpha3Code" : "SSD",
                "value" : "SSD"
            }, 
            {
                "flag" : "https://restcountries.eu/data/esp.svg",
                "name" : "Spain",
                "alpha2Code" : "ES",
                "alpha3Code" : "ESP",
                "value" : "ESP"
            }, 
            {
                "flag" : "https://restcountries.eu/data/lka.svg",
                "name" : "Sri Lanka",
                "alpha2Code" : "LK",
                "alpha3Code" : "LKA",
                "value" : "LKA"
            }, 
            {
                "flag" : "https://restcountries.eu/data/sdn.svg",
                "name" : "Sudan",
                "alpha2Code" : "SD",
                "alpha3Code" : "SDN",
                "value" : "SDN"
            }, 
            {
                "flag" : "https://restcountries.eu/data/sur.svg",
                "name" : "Suriname",
                "alpha2Code" : "SR",
                "alpha3Code" : "SUR",
                "value" : "SUR"
            }, 
            {
                "flag" : "https://restcountries.eu/data/sjm.svg",
                "name" : "Svalbard and Jan Mayen",
                "alpha2Code" : "SJ",
                "alpha3Code" : "SJM",
                "value" : "SJM"
            }, 
            {
                "flag" : "https://restcountries.eu/data/swz.svg",
                "name" : "Swaziland",
                "alpha2Code" : "SZ",
                "alpha3Code" : "SWZ",
                "value" : "SWZ"
            }, 
            {
                "flag" : "https://restcountries.eu/data/swe.svg",
                "name" : "Sweden",
                "alpha2Code" : "SE",
                "alpha3Code" : "SWE",
                "value" : "SWE"
            }, 
            {
                "flag" : "https://restcountries.eu/data/che.svg",
                "name" : "Switzerland",
                "alpha2Code" : "CH",
                "alpha3Code" : "CHE",
                "value" : "CHE"
            }, 
            {
                "flag" : "https://restcountries.eu/data/syr.svg",
                "name" : "Syrian Arab Republic",
                "alpha2Code" : "SY",
                "alpha3Code" : "SYR",
                "value" : "SYR"
            }, 
            {
                "flag" : "https://restcountries.eu/data/twn.svg",
                "name" : "Taiwan",
                "alpha2Code" : "TW",
                "alpha3Code" : "TWN",
                "value" : "TWN"
            }, 
            {
                "flag" : "https://restcountries.eu/data/tjk.svg",
                "name" : "Tajikistan",
                "alpha2Code" : "TJ",
                "alpha3Code" : "TJK",
                "value" : "TJK"
            }, 
            {
                "flag" : "https://restcountries.eu/data/tza.svg",
                "name" : "Tanzania, United Republic of",
                "alpha2Code" : "TZ",
                "alpha3Code" : "TZA",
                "value" : "TZA"
            }, 
            {
                "flag" : "https://restcountries.eu/data/tha.svg",
                "name" : "Thailand",
                "alpha2Code" : "TH",
                "alpha3Code" : "THA",
                "value" : "THA"
            }, 
            {
                "flag" : "https://restcountries.eu/data/tls.svg",
                "name" : "Timor-Leste",
                "alpha2Code" : "TL",
                "alpha3Code" : "TLS",
                "value" : "TLS"
            }, 
            {
                "flag" : "https://restcountries.eu/data/tgo.svg",
                "name" : "Togo",
                "alpha2Code" : "TG",
                "alpha3Code" : "TGO",
                "value" : "TGO"
            }, 
            {
                "flag" : "https://restcountries.eu/data/tkl.svg",
                "name" : "Tokelau",
                "alpha2Code" : "TK",
                "alpha3Code" : "TKL",
                "value" : "TKL"
            }, 
            {
                "flag" : "https://restcountries.eu/data/ton.svg",
                "name" : "Tonga",
                "alpha2Code" : "TO",
                "alpha3Code" : "TON",
                "value" : "TON"
            }, 
            {
                "flag" : "https://restcountries.eu/data/tto.svg",
                "name" : "Trinidad and Tobago",
                "alpha2Code" : "TT",
                "alpha3Code" : "TTO",
                "value" : "TTO"
            }, 
            {
                "flag" : "https://restcountries.eu/data/tun.svg",
                "name" : "Tunisia",
                "alpha2Code" : "TN",
                "alpha3Code" : "TUN",
                "value" : "TUN"
            }, 
            {
                "flag" : "https://restcountries.eu/data/tur.svg",
                "name" : "Turkey",
                "alpha2Code" : "TR",
                "alpha3Code" : "TUR",
                "value" : "TUR"
            }, 
            {
                "flag" : "https://restcountries.eu/data/tkm.svg",
                "name" : "Turkmenistan",
                "alpha2Code" : "TM",
                "alpha3Code" : "TKM",
                "value" : "TKM"
            }, 
            {
                "flag" : "https://restcountries.eu/data/tca.svg",
                "name" : "Turks and Caicos Islands",
                "alpha2Code" : "TC",
                "alpha3Code" : "TCA",
                "value" : "TCA"
            }, 
            {
                "flag" : "https://restcountries.eu/data/tuv.svg",
                "name" : "Tuvalu",
                "alpha2Code" : "TV",
                "alpha3Code" : "TUV",
                "value" : "TUV"
            }, 
            {
                "flag" : "https://restcountries.eu/data/uga.svg",
                "name" : "Uganda",
                "alpha2Code" : "UG",
                "alpha3Code" : "UGA",
                "value" : "UGA"
            }, 
            {
                "flag" : "https://restcountries.eu/data/ukr.svg",
                "name" : "Ukraine",
                "alpha2Code" : "UA",
                "alpha3Code" : "UKR",
                "value" : "UKR"
            }, 
            {
                "flag" : "https://restcountries.eu/data/are.svg",
                "name" : "United Arab Emirates",
                "alpha2Code" : "AE",
                "alpha3Code" : "ARE",
                "value" : "ARE"
            }, 
            {
                "flag" : "https://restcountries.eu/data/gbr.svg",
                "name" : "United Kingdom of Great Britain and Northern Ireland",
                "alpha2Code" : "GB",
                "alpha3Code" : "GBR",
                "value" : "GBR" 
            }, 
            {
                "flag" : "https://restcountries.eu/data/usa.svg",
                "name" : "United States of America",
                "alpha2Code" : "US",
                "alpha3Code" : "USA",
                "value" : "USA"
            }, 
            {
                "flag" : "https://restcountries.eu/data/ury.svg",
                "name" : "Uruguay",
                "alpha2Code" : "UY",
                "alpha3Code" : "URY",
                "value" : "URY"
            }, 
            {
                "flag" : "https://restcountries.eu/data/uzb.svg",
                "name" : "Uzbekistan",
                "alpha2Code" : "UZ",
                "alpha3Code" : "UZB",
                "value" : "UZB"
            }, 
            {
                "flag" : "https://restcountries.eu/data/vut.svg",
                "name" : "Vanuatu",
                "alpha2Code" : "VU",
                "alpha3Code" : "VUT",
                "value" : "VUT"
            }, 
            {
                "flag" : "https://restcountries.eu/data/ven.svg",
                "name" : "Venezuela (Bolivarian Republic of)",
                "alpha2Code" : "VE",
                "alpha3Code" : "VEN",
                "value" : "VEN"
            }, 
            {
                "flag" : "https://restcountries.eu/data/vnm.svg",
                "name" : "Viet Nam",
                "alpha2Code" : "VN",
                "alpha3Code" : "VNM",
                "value" : "VNM"
            }, 
            {
                "flag" : "https://restcountries.eu/data/wlf.svg",
                "name" : "Wallis and Futuna",
                "alpha2Code" : "WF",
                "alpha3Code" : "WLF",
                "value" : "WLF"
            }, 
            {
                "flag" : "https://restcountries.eu/data/esh.svg",
                "name" : "Western Sahara",
                "alpha2Code" : "EH",
                "alpha3Code" : "ESH",
                "value" : "ESH"
            }, 
            {
                "flag" : "https://restcountries.eu/data/yem.svg",
                "name" : "Yemen",
                "alpha2Code" : "YE",
                "alpha3Code" : "YEM",
                "value" : "YEM"
            }, 
            {
                "flag" : "https://restcountries.eu/data/zmb.svg",
                "name" : "Zambia",
                "alpha2Code" : "ZM",
                "alpha3Code" : "ZMB",
                "value" : "ZMB"
            }, 
            {
                "flag" : "https://restcountries.eu/data/zwe.svg",
                "name" : "Zimbabwe",
                "alpha2Code" : "ZW",
                "alpha3Code" : "ZWE",
                "value" : "ZWE"
            }
        ]
    }
}